{
  "blend_weight": {
    "current": 0.6,
    "best": 0.75,
    "best_composite": 0.4275403463100743,
    "values": {
      "0.0": 0.4084566661486093,
      "0.05": 0.4074103843829639,
      "0.1": 0.4112108538854468,
      "0.15000000000000002": 0.4132816197052461,
      "0.2": 0.41452268195986425,
      "0.25": 0.4169077699610089,
      "0.30000000000000004": 0.4190947993836309,
      "0.35000000000000003": 0.4207377439932307,
      "0.4": 0.42115778248209645,
      "0.45": 0.42312438812557623,
      "0.5": 0.4232400337500712,
      "0.55": 0.423289262935831,
      "0.6000000000000001": 0.4070937716410302,
      "0.65": 0.42614545134217474,
      "0.7000000000000001": 0.42614611455115065,
      "0.75": 0.4275403463100743,
      "0.8": 0.4248039990641081,
      "0.8500000000000001": 0.4234916621210633,
      "0.9": 0.42403691960103146,
      "0.9500000000000001": 0.42493533383859694,
      "1.0": 0.4202605014873475
    }
  },
  "offtarget_gate": {
    "current": 0.15,
    "best": 0.0,
    "best_composite": 0.4070946610397299
  },
  "honeypot_gate": {
    "current": 0.03,
    "best": 0.2,
    "best_composite": 0.4079414384106222
  },
  "availability_floor": {
    "current": 0.75,
    "best": 1.0
  }
}