{
  "bm25_only": {
    "ndcg@10": {
      "mean": 0.8592494176838489,
      "boot_mean": 0.856059161634224,
      "lo": 0.6703192596574162,
      "hi": 0.9815221591940734,
      "std": 0.0856580720458666
    },
    "ndcg@50": {
      "mean": 0.753529324299713,
      "boot_mean": 0.7358103167236394,
      "lo": 0.595453287803722,
      "hi": 0.8515463857484382,
      "std": 0.06717341098734013
    },
    "map": {
      "mean": 0.7242478774455519,
      "boot_mean": 0.7299900753276581,
      "lo": 0.41922047063775003,
      "hi": 0.9655942132950741,
      "std": 0.1390291745676284
    },
    "p@5": {
      "mean": 0.8,
      "boot_mean": 0.7914000000000001,
      "lo": 0.4,
      "hi": 1.0,
      "std": 0.1966876711947142
    },
    "p@10": {
      "mean": 0.7,
      "boot_mean": 0.6576000000000001,
      "lo": 0.2,
      "hi": 1.0,
      "std": 0.19819747727960615
    },
    "composite": {
      "mean": 0.7993206877486712,
      "boot_mean": 0.7911511871333526,
      "lo": 0.6044516309130861,
      "hi": 0.9225708804540567,
      "std": 0.08180159909065889
    }
  },
  "dense_only": {
    "ndcg@10": {
      "mean": 0.6594967358913298,
      "boot_mean": 0.671175936154529,
      "lo": 0.4563001630101557,
      "hi": 0.9298928086015948,
      "std": 0.119840662652305
    },
    "ndcg@50": {
      "mean": 0.656343971992572,
      "boot_mean": 0.6672634771529956,
      "lo": 0.570461492045637,
      "hi": 0.7697137156778207,
      "std": 0.048429510255933034
    },
    "map": {
      "mean": 0.6564484126984127,
      "boot_mean": 0.6634170111156886,
      "lo": 0.343914527005158,
      "hi": 0.9250344560901284,
      "std": 0.1513368720592555
    },
    "p@5": {
      "mean": 0.8,
      "boot_mean": 0.7516000000000002,
      "lo": 0.4,
      "hi": 1.0,
      "std": 0.20213223394599883
    },
    "p@10": {
      "mean": 0.7,
      "boot_mean": 0.6311,
      "lo": 0.3,
      "hi": 0.9,
      "std": 0.17709542625375732
    },
    "composite": {
      "mean": 0.6601188214481984,
      "boot_mean": 0.6668345628905165,
      "lo": 0.5002895151144569,
      "hi": 0.8494144634568352,
      "std": 0.08643587272542674
    }
  },
  "rubric_no_gates": {
    "ndcg@10": {
      "mean": 0.6448834698720165,
      "boot_mean": 0.7071950707850911,
      "lo": 0.46065429730933205,
      "hi": 0.9021327135212579,
      "std": 0.11469481616345296
    },
    "ndcg@50": {
      "mean": 0.7217778256172824,
      "boot_mean": 0.7351208149093714,
      "lo": 0.614949853552358,
      "hi": 0.8422410993296737,
      "std": 0.05844737861223943
    },
    "map": {
      "mean": 0.6344702801224542,
      "boot_mean": 0.6359948825861161,
      "lo": 0.36220389688729554,
      "hi": 0.8603081215263388,
      "std": 0.13414077649712106
    },
    "p@5": {
      "mean": 0.8,
      "boot_mean": 0.7228,
      "lo": 0.2,
      "hi": 1.0,
      "std": 0.27062919280816694
    },
    "p@10": {
      "mean": 0.4,
      "boot_mean": 0.4353,
      "lo": 0.1,
      "hi": 0.8,
      "std": 0.1830953576691665
    },
    "composite": {
      "mean": 0.6541456246395612,
      "boot_mean": 0.6912980122532745,
      "lo": 0.49942283648868274,
      "hi": 0.8380862453028926,
      "std": 0.08652720778215957
    }
  },
  "rubric_full": {
    "ndcg@10": {
      "mean": 0.4188617964815929,
      "boot_mean": 0.4289874113239997,
      "lo": 0.25474405054640037,
      "hi": 0.6966501155826885,
      "std": 0.11619203338058444
    },
    "ndcg@50": {
      "mean": 0.538789179829195,
      "boot_mean": 0.5478350316312629,
      "lo": 0.3914590081072514,
      "hi": 0.749146404178925,
      "std": 0.09059293037334876
    },
    "map": {
      "mean": 0.18259342639369572,
      "boot_mean": 0.18548856376560177,
      "lo": 0.01539066348446038,
      "hi": 0.45123142678497447,
      "std": 0.1156676352597544
    },
    "p@5": {
      "mean": 0.2,
      "boot_mean": 0.2032,
      "lo": 0.0,
      "hi": 0.6,
      "std": 0.19429297465425763
    },
    "p@10": {
      "mean": 0.2,
      "boot_mean": 0.15030000000000002,
      "lo": 0.0,
      "hi": 0.4,
      "std": 0.11644702658290594
    },
    "composite": {
      "mean": 0.4084566661486093,
      "boot_mean": 0.414182499716219,
      "lo": 0.25918176894106604,
      "hi": 0.6366184014236066,
      "std": 0.09949619236058539
    }
  },
  "lgbm_full": {
    "ndcg@10": {
      "mean": 0.3790157477559832,
      "boot_mean": 0.43505520062637915,
      "lo": 0.26060413048239406,
      "hi": 0.7152867863989136,
      "std": 0.11909149036683692
    },
    "ndcg@50": {
      "mean": 0.6038416637389057,
      "boot_mean": 0.6174034575638149,
      "lo": 0.45283488899778584,
      "hi": 0.8320269470301481,
      "std": 0.09484889504636444
    },
    "map": {
      "mean": 0.20955599094244642,
      "boot_mean": 0.21148879064130627,
      "lo": 0.02012009079569702,
      "hi": 0.49015526863650366,
      "std": 0.1225657278507649
    },
    "p@5": {
      "mean": 0.2,
      "boot_mean": 0.19960000000000003,
      "lo": 0.0,
      "hi": 0.6,
      "std": 0.1955500958833823
    },
    "p@10": {
      "mean": 0.1,
      "boot_mean": 0.18580000000000002,
      "lo": 0.0,
      "hi": 0.5,
      "std": 0.14006555608000135
    },
    "composite": {
      "mean": 0.4070937716410302,
      "boot_mean": 0.44376195617853,
      "lo": 0.281997498541859,
      "hi": 0.6780007698407899,
      "std": 0.10245979880161757
    }
  }
}